sample,ID1,ID2,ID3,ID4,ID5,ID6,ID7,ID8,ID9,ID10,ID11,ID12,ID13,ID14,ID15,ID16,ID17,ID18,ID19,ID20
102R,1.3836462617072,1.32308532190266,-1.32344013519193,-2.17845257960127,0.554706359639546,-0.00158105962946395,-1.7036486563431,1.86479513721018,-0.272035366260343,1.88295318840441,0.667565255835982,0.263134581059749,-1.06597563854163,-1.30402557141331,-0.6295608578002,2.07662042333085,1.63265003666057,1.87413129803415,-0.0767147458706233,0.384943890043608
103R,0.475874470403258,-0.0973854737599355,-0.0543054998435675,0.351400116380191,-0.623160664701946,0.0984195717054297,-0.0371561246433496,0.663842387691299,-0.977263182849489,0.872453753764423,-0.531855570625313,-1.00563531358956,2.45569692115513,0.14223588330015,0.901040125187547,2.06766895376461,-1.27691954483891,0.463365040633487,0.823758154456744,0.341576257824033
104R,-1.08927099866145,-0.57659327323874,-0.135901517411218,0.0010800321672221,-0.19655496296817,-0.833270779629045,0.355056279845995,-0.638719497547243,-1.07586977043146,-0.578018438444641,-0.400341614225776,-1.08593567866952,-0.354001416780503,-0.250889539916002,0.886894542973456,-1.0072590577109,0.922387227659812,-0.83325556025543,-0.474817303359632,0.837002656789086
106R,-0.451364289630486,0.194630838282975,-0.226252429627498,0.885807661815615,-1.69040624714729,-1.05045066234662,0.58124592419969,-0.684375120621735,-0.940001967495608,-0.561373167545998,-0.566957491177593,-0.027081051741037,1.37817087959848,1.50623138985578,-0.232909498391945,0.118987060286928,-0.214037583672926,0.586552712948052,1.9435462476985,-0.0398976855428661
107R,-0.722671629866053,0.715328362715501,-0.00260688745575156,0.557648050233945,-1.2962541931696,-0.650707186172572,0.847037444988455,2.17906850386733,1.37309660678216,0.0309547734015402,-0.654080079587836,2.44036814112169,-0.453537986306085,-0.247778658276708,0.116503925063752,-1.1379661639778,1.2017988351242,0.249721662656719,-0.774271643668022,1.37822104416798
10R,-1.31011160513592,1.13688226561717,-0.145260979459843,0.484623782234874,-0.434582047775818,-0.849807571406298,-0.340122661492266,-1.42175763161066,0.749738192627878,-0.56852720249068,-0.795472293595289,0.105594181425876,-0.94074060807006,2.17723654464829,0.153015728044344,0.111568541023418,1.55827171777838,0.75094886425515,-0.255760334787249,0.227511621652463
118R,0.00612188364585028,0.0612917407540993,0.405270560650721,-0.640178255052847,-0.304090982988555,-1.16573289024955,0.0292408881960273,0.423431952680637,0.183605890888154,1.18136422767573,0.633446135953184,-0.570932365121347,-0.127320138150766,-0.849048332125753,0.199056409436301,-0.946046798513376,-1.8742805070248,0.164341279781212,0.420109887603782,-1.1754375875005
120R,0.877547193450485,0.557474276476768,-1.61049870670776,0.810767098470452,1.07330688267927,-0.321132739754103,-0.590350839108602,0.209660753841171,0.212349870021185,-0.505713979777219,1.2473011685785,-1.49612636935633,-0.762634158241482,0.423212111355454,-0.967291334388088,-0.370147357545806,-0.976439367777047,-0.652768543796644,-0.310101778436219,-0.263200694444961
125R,-0.115513293877516,-0.933018813405189,0.265701600831004,0.168920828798969,2.30959618633079,-1.15464467971176,-0.424225205754678,1.10391250716929,0.526367833814284,-1.58786586329683,1.25664301774397,0.371929139890044,0.177379959358232,0.105247472600611,-0.240881291597004,-0.483883210788778,0.0137271506383009,2.37123805500215,1.4401480494022,1.44283619585542
126R,0.734364052789989,0.22295994519536,0.0568205748656951,-0.0454971168124561,-0.796320503034771,0.33856741876176,1.56119366124309,0.76159443259373,0.128343879744598,0.119844079339979,1.15108267430917,-0.0357275897070955,-0.149283337787831,-0.846074752032191,0.875535986975451,0.0741017031058621,0.862831535503486,-0.683061546484637,-0.421459628214119,-0.105873521117263
128R,-0.708266029237052,2.00649097829718,0.536582066513863,0.818138168341223,-1.66418109670461,0.645175718864031,-0.473891811413453,0.301902291866088,0.747959069526577,0.869442002277208,-1.19383189777474,0.259907981558757,0.210376968048523,0.48159875534077,1.09129968199237,0.630422634360571,-0.458681930512978,0.0405810282533569,1.75915026652298,0.580064016553955
12R,-0.376493002394964,0.360848518053357,0.0586845031026963,-1.92204059711024,-1.2557841471164,-0.425672666795254,-1.24790582207178,-1.25918798558631,-0.0676809396430016,0.944768329269978,0.529274752477887,-0.36448571354152,-0.680030262889714,-0.808352329207946,0.410020861287483,1.13265167582527,1.57413221306481,0.386508334936773,-0.777904148774785,-0.011520537210999
131R,0.692558782137998,0.558034700079365,0.483023190016519,-0.0944680504001874,-1.6455253634706,-1.10616663156147,0.0823116415588315,-0.0645061651791044,-0.338155908417963,-0.905443883741904,0.696416533517798,0.306572547777447,-1.12804515596754,-1.03650508653076,-1.25809785886761,-0.182446259261942,-0.499631499895769,0.191574000186429,0.733056786088452,0.202897814272598
136R,0.231442628531889,0.0994574690637943,0.86890575668097,1.25393825583896,1.19002381863111,0.00943808320654924,-1.85145456594643,0.112348617997082,0.902521943797957,-0.00867558262338952,-0.611875649415405,-1.08253780725284,-0.0405415187477395,0.0538273922075985,0.354301890027048,0.102549301939638,0.953113164731904,-0.386726216231411,-0.409824424934347,-0.86367056160982
139R,0.861121907798978,0.0441958809602778,-1.66062352472567,-0.584087008024428,0.892671895693391,-1.00308163441927,0.776330060782798,1.8592422677523,-0.646747588154703,-0.861246590703082,1.04940406734881,0.525164785282722,0.857079779850357,0.463113366890812,0.674325688437581,-0.771558112653134,0.964910070809021,-0.722338604069668,-0.460457304192394,-0.573610272103658
13R,1.68526372758744,1.40051133951648,-0.134205625617377,-1.01767941408311,0.14662875714577,0.69472476989032,-0.113589955859573,-0.0689832277281545,0.351273523392462,-0.547855358601397,-0.704453447359242,-1.77306508520581,0.268464639851165,-0.0928737448651306,0.941087507210086,0.509753144716754,1.20373716438263,1.10795300156163,-0.372159820599885,-0.881117142578983
141R,-0.635629259869916,-1.46656356835185,-1.33717419430168,-0.212603215796199,0.263089549610716,1.26640947709937,-0.334819573025886,1.30790966941086,1.09680621434731,-1.17899543940169,-1.46663036639765,0.388270492214587,0.640399930450342,0.648407238961273,1.65912563728039,0.910555235311568,-0.0366862758826366,0.0560789058481901,-0.433168850937969,-0.552240302397864
146R,0.474196394602297,1.64994716185311,0.242699746926483,-1.66857731358585,-0.674412983154778,1.22066602424064,-0.568887351892678,-0.558641750539362,1.56032399298108,1.39567950693319,1.57264479450655,-1.09493570468118,-0.365294082349588,-0.097926687020332,0.935794461005725,1.3535808704169,-1.64140091881836,-0.798376223326879,-1.23294926668995,-1.03711508850429
150R,-0.158066657947185,-1.10825932391785,-0.271891016001467,0.510744315118877,-0.848372155965607,-0.288051601109169,-0.338190055784071,-1.17730488237513,0.108419173952329,-0.474771204596089,-0.695279646622504,-1.48365210139463,-1.19187735820389,-1.48915411580832,-2.2659057419269,-0.670156910152357,2.24320742460207,0.691390508426911,2.37275929008606,0.513274166536302
152R,3.51404277375313,-1.73745901482359,-1.36889010075382,-0.963590478344388,0.590212663798338,0.576499902816364,0.99679707614703,0.743276044540272,0.302191184436084,-1.44805184708899,1.31164513918681,1.47764628373371,-0.425201897604702,0.524783217209517,-0.616613992372637,-0.101415160858066,0.387640588766395,1.89338365818343,-1.91663547063825,-0.752591785357946
153R,0.564688820410932,-0.0552423404361208,0.991201023977686,1.09091706931967,-0.555924779088086,-1.95088289314601,-0.602008701243949,0.590446659761521,-0.714131401701507,-0.460041279588918,-0.0557916440691205,0.333690086392647,-1.55309504227946,-0.504290835369127,-0.12271783164349,1.90251106645536,-0.236274235305926,-0.830911124163144,-1.25023049224908,-1.44794602437634
157R,-0.493455953276117,-1.14513125747782,-0.489242076879308,-1.00084486190124,-1.61285384918945,-1.20480110968794,-1.28615631633304,-1.40531548773029,-0.242308253186308,1.2117049925225,-0.641009940171558,-0.200907244031035,1.94927675802067,1.48388832611181,-0.468657513007762,0.340224610534122,-0.000330331047609659,-0.148744117504657,0.392759936940694,0.824437678074749
158R,0.927460915718135,-0.714095274010322,-2.31932753481842,-0.124578250702369,-0.548360449574914,-1.13203607913006,-1.28444560123842,0.859704147165631,-1.14748746949856,0.336378993178782,0.64704542174125,0.00445699611685006,-0.00582744440484843,-0.645449603376976,-0.544448250934101,1.31929456599727,2.01711044836051,-1.05416593210647,0.224542381941121,-0.141888550112261
160R,-0.759271880228884,0.575611637154053,-1.04960594843372,1.64253329782758,-1.4727741619008,-0.214511312611665,-0.0249672298975976,1.11122078493486,0.953709547524854,-0.802761489809889,-0.345586686660582,-0.69122538236937,-1.00353222305916,0.493610365826903,-0.587495035240614,-0.946300345741584,0.568074138577366,-0.187775625162155,-0.120143652385923,-0.215951770031397
161R,1.15111227490421,0.910089747083629,0.040439379495119,1.78352803620159,0.104552415305862,-0.537360500064109,-0.165621851865226,-0.0866389285631778,-0.703934882662574,-0.226671887238779,0.530572323851226,1.73715573083034,-0.423521961543625,0.431264963328022,-1.11236860061027,-1.08290884954413,0.489444198104984,-0.165324100362531,-0.436694486999069,-0.918402342032833
168R,0.792072657868292,1.43349142255361,0.346502842824385,-0.686744507316802,0.55977259028461,0.909168170457247,-0.263315300371821,0.903109931399739,0.932852226775791,-0.616005411629051,-1.27014690884332,0.968700480185296,0.947055670289024,0.212966136026941,0.6701739156455,0.40951355600232,0.247529788959053,-0.221932509961391,1.49760167355533,-0.60447496179877
16R,0.00482775579536955,-0.725785110263931,-1.11449001021378,0.260296609063906,-0.57299186010068,-0.958611697574866,0.677721464093889,0.631124534984184,1.4781062075387,0.912956120352721,0.364259552016214,1.28853268928899,-2.2162389642235,1.45516814480345,0.703201188283137,-0.752516606754918,1.52034869443906,0.0780312458138027,-1.70033455583708,0.866683510489522
171R,-1.75735940534723,-1.39906560548079,1.76509047901727,-0.594303142644641,0.0874088190918669,0.429537458063493,-1.48811043273407,1.04618006274594,0.0939291184632784,-1.06812878014595,0.363025788463877,0.183413581848524,-0.91748563672854,0.324372460087261,0.320497542277962,0.195651274211076,-0.753950492318882,-1.21864416870055,-0.739153713266317,-0.210415222552969
176R,0.417107593156937,-0.55611391532971,-0.77163207434492,0.470309243107542,-1.39909734510993,0.655049141753555,-0.714316022733921,-0.253158297597094,-1.12118414167691,0.0269544164593987,0.272108042794318,0.965523623524143,-3.51538634951537,0.944245558862833,-0.652789883407768,0.792971446489191,0.0655039288138015,-0.298714901635546,0.543722158515746,0.901862037444741
17R,-1.26539143513255,2.0536544640672,-1.73408765792542,2.24607036373896,1.94437995169247,1.02146015728159,-1.61157624345256,1.13217298117694,-0.355112360436434,-0.934011391412308,-0.959714059280249,1.7743135951094,0.904829852711808,1.08404160151467,0.462619835403217,0.813829660309892,0.083447538284434,0.656897120351333,0.209755278455342,-0.25394561298735
184R,-0.595535429178338,2.16863040749918,-1.93354743109596,-0.853570987562316,-1.2707379011385,2.00922837568212,0.75989829631332,0.792124174486918,-0.452554791165403,-0.390106499771796,1.79547190204145,-0.555078547866525,1.10389183917823,-1.82383136550424,0.359614403875369,0.683715773647036,1.72379723603233,0.960500690078312,-0.19773951400309,-0.59501789426202
185R,1.24733421087581,0.803162607976586,0.393595866133017,0.927549433332749,-0.625681397467513,-0.381694240898291,0.134991967888798,-0.55286282430751,-1.90369509769298,1.69962271839503,1.82641860370429,0.398540004778057,-0.519109008152735,0.276559726982402,0.868009386934534,-0.389136092244682,-0.00464038015510026,-1.90754534924545,1.66143161702728,0.0477343803007387
188R,-1.88492590862961,-1.20533105782052,1.1053009185999,-1.22171341519518,-0.484930525165217,-0.00718442088833935,-0.401930558097769,0.200002634305213,-0.626898066457878,-1.56399983528941,-1.55616948360862,0.13992178621728,1.41079009443774,-0.748117837738963,0.389641828880619,-0.368794148369457,-2.21655542912084,0.35073539658072,0.567489679902058,-0.705747319805029
189R,0.380376161864319,0.586766004109362,-0.493625112091007,1.01019426168451,-2.32616103214271,0.308926507988949,0.0526304467799876,1.63492626682222,-1.1373527923506,-0.104795388355361,0.201040198306241,-0.173088370860928,-1.28506755177441,1.27002196178805,0.325281415197529,1.93528681343853,0.470106576434412,-0.52960280034723,-0.0656415918636868,0.874820024048318
18R,-1.69857834207292,-0.00721691262534084,0.307158847488095,-1.57768040765249,0.0142444011826296,0.0840508597821654,-1.83521389052991,0.848201222970446,0.97746385258452,-0.30501254397793,-1.397727491301,0.308737456337091,1.72076222600487,-0.262418877761388,-0.558621297203325,-0.274205679848682,2.43305468451247,0.0729377139829607,0.462688067933969,0.872916131951908
19R,-0.276912748476957,1.7161180004352,0.623763030864311,-1.10513103285269,-0.286499472190962,-0.505776722807517,1.40488278683724,-0.049065188185161,-0.228023828562042,-0.19682520593585,-1.37995729857928,-0.986768947215253,0.834714074368232,0.76695218678843,0.0623797239202897,2.33108145633005,0.104636574000909,1.30430663120789,1.26067152722736,-0.24302099374161
200R,0.412594330289065,1.110569834065,0.324963117825239,-0.705662533904509,-0.286206513867685,0.621140947449183,0.157278340550108,-1.32993158410316,-1.58273852039613,-0.811977584638741,-0.661381507308118,-1.09853261611358,0.235615707272444,1.08814716701958,-1.26881065371064,-0.735327567420232,-1.69052829418006,-0.720077033353936,-0.423914296982215,-1.78755660918409
203R,0.396368057443369,-0.917031394985404,0.604646992449252,0.0101238517479137,-0.863803786012803,-0.567005149266546,0.470034494756857,-1.42760752782997,1.6935270596065,-0.560288355856739,-0.83886667208567,0.054709962410971,-2.51905632835798,0.334367739813582,0.175030812985564,0.574790734768147,-1.26359827140488,0.268081218789902,-0.0382285801511804,0.0524391130944438
204R,-1.78741793494199,1.50149102592233,-0.648001481134055,0.880026279733283,-0.365624769050227,-0.564655308527123,1.25856655231155,0.195279810911011,1.43962625940852,0.371054751416834,0.153260229126846,-0.636742809626296,2.72756145762884,-0.895510920251138,0.822956495772651,0.462086222405545,0.975953879622527,1.04458125562458,0.885165609004678,-0.405380398299303
207R,-0.3676090614986,0.114841429869818,-1.40126852517182,-0.997470716383785,-0.302695475011247,-1.3501525907218,1.24287987264752,0.344293397711205,-0.432203655940706,-0.79813131436326,0.970817349094865,-0.104389083675638,0.996422817399688,1.46135010339852,0.389840089670511,-0.657806170491977,-0.0936490929653632,1.22866882214267,-0.960132275557061,2.04940300654185
208R,1.36918961504249,0.745162262461203,-1.21466128705998,-0.82000855901441,0.664869036235186,0.711716302951135,-0.181856373690704,-0.974749751872097,0.501058709205105,1.61477024913263,-2.45038498465015,-0.577849037363717,-1.15822708750677,2.56377880806341,0.462903501390613,-0.914736516901506,0.119903227053249,0.261231470210363,-0.585969689159184,0.479938593531496
210R,0.427146026141909,1.33573843121759,-0.333519854605628,2.06760520027124,-1.40237376419405,-0.146086053326024,-0.971118789698903,-0.521279016923652,-0.170966321953026,1.14392244440247,1.39095480553835,-0.0433553874028799,0.287352946784509,0.969251339010622,0.227269476969985,0.0734875928775815,-1.20203454902207,-0.537121429815387,0.676507540257473,-0.587051701749211
211R,-0.738911472635047,-0.634060512183835,0.366785858397323,0.649167898640143,1.36153191567481,2.34060046384677,0.626836874877257,-1.43870557969225,-1.33074019753103,-1.57694039524208,0.625049254600335,0.046686310154965,0.0429278655949453,-0.0986478343285873,0.92411042480321,1.26866729322168,-1.63010791969414,-0.458066312652915,-0.027156681544137,-0.00390674919424683
213R,-0.244996485368509,1.24179729212008,-0.544394708979739,0.935662426743452,1.28108246252735,-0.973591413090422,0.873612414769223,-0.110850861383039,-1.68507932158297,-0.856455816967911,0.687609196376995,-0.563179281537689,0.215492635687204,0.804273365664354,0.628656282314597,-0.470792345768174,-0.544692133654208,-0.250311651936314,-1.30477789396728,-1.32532846460116
214R,1.07990442929919,0.506883354408788,1.01893281803216,1.05296908474898,0.866915105355812,1.77592572891509,0.510071791438162,0.705292658160681,-0.998662168949541,-0.330458995799059,-0.349090856427197,-0.464012507619157,-0.403805635902709,-0.330759341420746,-0.531990271574041,-1.23046625700607,-0.481875493428652,0.782547820590501,-0.379074218325245,0.108305861546992
215R,-0.429592963598106,-0.153099264007215,1.32222999240722,0.239837323388806,0.294231345566432,0.154307885228246,0.114533916354664,-0.167473832414415,0.880480782926033,-1.33846591786008,0.175341863328142,-0.907417308211779,0.149197894670832,0.386773577542965,1.08589411377411,0.834023028541216,0.10405114758612,2.17736765203609,1.43219180567495,1.76940266820448
216R,-1.85327354381463,0.481893011798986,-0.983177455671564,-0.491133645794276,-1.10153730058397,-0.511324304641966,0.772697944121339,-0.529762734743725,-0.511211038592119,-0.0517782753416555,-0.880698144779193,0.859441461310007,0.167638227295243,1.08390549452182,2.09328072637693,-1.95455845774602,-1.04183386717701,-1.56131389781675,-0.29152061106759,0.208456128324161
219R,-0.936581560404347,-0.356819343569429,-0.389138788521955,-1.58318697702748,-1.09937949305992,0.209702247122636,-1.124672268285,0.812009246622239,0.572940146727358,0.641974349094059,-0.189987406475967,-1.12712906480095,-1.30608303236649,1.338209906989,-0.865260913952151,-1.02747317171961,1.31208628443238,0.417384850512373,-2.51358354198053,0.846461453226447
21R,-0.371432622804898,-1.23214626894114,1.11804181179176,-0.323546267821573,-0.035959094176539,-1.48473676388509,1.33915429553628,-0.20208022261055,1.69420068110402,-0.958034552420543,-0.61232255128862,1.54025415950001,1.05812563560787,0.407258984070857,0.139566975994757,1.70903851573881,0.582287251344703,0.24894408174359,-1.17700523887814,0.394848974572771
220R,1.70903590027027,-0.543359673259148,0.909766921197896,-0.645136017810745,0.219188643338084,-0.873175196120975,1.42862494187624,-1.24886420789818,0.542989673297888,1.04261735085674,-0.0446634242312066,-0.14533866066108,1.75412931106619,1.74123295337519,0.441988879197493,0.100410388434934,-0.125270832566808,1.20384202110358,-0.40337548260671,1.04917660540984
223R,0.479856681831821,0.067114409300773,-0.264662734335495,0.357528756169347,-0.364357435983561,0.386560443503865,1.41335779392508,-0.513892723470101,-0.0465932979457315,-1.65980447669258,1.26800560718965,0.9960625679392,-0.347451125981464,1.52010482452059,-0.214570730796372,-0.364278928551381,1.53068357044377,-0.196914567498525,0.665443296031343,1.66720044624421
225R,-0.643665954659697,-1.959483721334,-1.5396744199383,-1.63855042850635,-0.427690404370212,-1.10054200583749,-0.661713934467934,-0.799439021481671,0.815810704676369,-0.205136138817153,1.18100238517482,-0.935825092197742,-0.143138647815083,-0.0753032019201896,-1.56592946111148,1.51657199863868,-0.107619108795985,-1.56988404805474,-0.609311076294356,-0.739503953010302
229R,1.30939302836168,0.388482541765051,0.658670773469099,0.32473695621114,-0.346320828566445,0.282917682602837,-0.590942619881328,-0.218444745341291,-0.194647778191829,1.22232564212403,-1.55010464555548,-0.691829137041774,1.45449438880566,0.798980820594947,-1.48592378261144,-1.43568403352419,0.0163823187837501,-0.598604084272835,0.389368220378039,1.27882373171704
231R,-0.601624130952239,-1.4268885652771,-0.011216355476024,0.866029182323638,0.637643773892178,-1.53347489726923,-0.463733955491135,-1.79334877991111,0.796686446298908,-0.553491723188098,-0.581279049962323,0.00577511436535393,1.38326805043221,-0.344381558008758,0.158220235135028,0.0244064314119527,-0.345035815975017,0.0445582493267268,1.24012544719382,0.433359229933105
234R,0.500928707956166,0.372535302212394,-0.207435709852746,-0.243494585618357,-1.48623517149337,1.62446798181072,0.883648101149009,-0.400647226143807,-0.793787310987868,0.962035430166185,-1.29271760023264,-0.992953690213834,0.21158313622462,-2.40861379848389,-0.340760982971559,-0.603373506396038,-0.504288109855022,-0.158340438864305,1.32492964474394,0.239835474905485
239R,-0.753978892542962,1.43397956823027,-0.192372312400182,-0.525110166720705,-0.891013335635203,0.00769348278576697,0.33810307659087,0.210026655661879,0.862777684136124,-0.52489345810489,0.932294540745452,0.0302728160842987,-0.685709831174975,0.459402717716794,-0.325589719694337,-1.36713835921133,0.596055082270981,0.94839755216378,-1.31596688300783,-2.31282121182068
241R,-0.424334117440992,-0.837638818802789,-1.09809304612076,1.26344787931547,-1.49744082786069,-0.0317623750979155,-0.826049508344414,-0.286512247108314,0.0535014139859938,-1.13995153570198,0.235304936503985,1.30292349860249,-1.37952528607477,-2.89684486045288,-0.939234898686556,1.09435189748328,1.5217394541143,1.20227363503071,0.988303725818081,0.896345205923675
245R,0.909875467898674,0.614166719507461,-0.502097222179955,-0.998222433650938,0.801409060425415,-0.109498924818556,0.0203827715404854,0.19579346536472,-0.071547428328631,-0.365418117422469,-0.103135891320222,0.608240192195485,-1.10894242347542,-0.846022037024767,-1.02112816079325,0.126014489922453,0.27150695132797,0.332661888024874,-0.534289703576967,-0.146204143073466
24R,-1.58023834584034,-0.0904244563815264,0.572555301878243,-0.889846711822175,-0.817264638014226,-1.6356121107258,-0.27003738311373,0.58886040079353,1.02938022377536,-0.656123952812915,0.835600493181027,-0.846020639767061,0.429200034178051,-0.428011569470305,-0.216661121471965,-1.07106166100963,1.66617720102308,-1.07043654501273,0.465160912177536,-0.753182661416382
250R,0.394291798499601,-2.90952252256441,-0.277942786298093,2.1623926638524,-0.688517941462882,-0.550151038436532,-0.278583117089114,-0.0177628356935133,1.30863902240838,1.11197798037187,0.905514660048337,1.17720597239475,-0.561409628171528,-0.339934476351682,0.757082069130863,1.2452987345151,1.10617577971685,-0.439307036513551,1.69939993181675,0.950259456044257
262R,-1.64208891241256,0.43994034078772,-0.858493324091158,0.597299807582742,-0.453346603078076,1.51334671593786,0.691858205132924,0.140319002398594,0.121616724931182,0.945361188179273,0.862670732182787,0.0463978201902127,0.685483705255828,0.259077422971991,0.402775141376558,-1.54272050244447,-1.05213711189074,0.642782068519807,-0.564613541959791,-0.769038258718117
266R,-0.449494714388721,0.0379849253142014,-0.778756728285248,-0.845667114611547,1.33242520117375,0.0749776155461777,-1.12985640918998,-0.486924487328872,0.679118968368672,1.24645203434527,-0.522976991558988,-0.327868930099934,2.55437602069919,-0.139703727211344,1.02354626996524,0.30311899162494,2.05512083463089,-0.566508349338831,-0.847986603746962,0.650516261179643
26R,1.51529774293121,-1.36654598331879,-0.454487092352273,0.0852874541338816,-2.73037684503507,-0.818151375445362,1.11715806207602,0.230214682835235,0.88249031167037,0.00183087867468317,0.529138224039745,-1.33200288173077,-0.433894220890732,0.84488759099898,-0.690101396335571,-0.403975364560268,1.14658889977583,-1.18220194666792,0.58153205291225,1.11818160285406
273R,-0.303366987484111,-0.00324406302191573,0.663859188653096,0.642962546291737,2.23249249904993,0.343656836491783,-1.27786289406621,-0.665006199216769,0.452267905915002,0.678020939615027,-0.584155248610408,-0.347123071172223,-0.140949896432545,1.33806487639566,0.691354081537231,-0.941155612359711,-0.738460039534516,0.570644100904619,0.960625632370586,-0.922173953043814
275R,-1.16946202349991,0.0749953811879819,0.273623035605196,-0.422657329562928,0.433468439951866,0.14086395268241,2.3319498426428,0.986901318668633,-0.886972469773301,-0.7433512978173,1.06610322785203,0.546368011412459,-0.698671802717753,0.520885848022369,0.676911462378517,-1.68738269591763,0.253728379884295,1.19873203407733,1.8371417448999,0.351643359541948
286R,-0.404143817588855,0.0991116455940298,1.40720134619103,-0.931341198592779,-1.00192093393998,-0.796398915579549,-1.00932508291417,0.918143229378639,0.0236265694278875,1.5872583179658,-0.189557211320468,-0.793199185919401,0.500538378918163,-0.292731531896559,-0.260617384741214,-0.453506241614766,-0.545203483857545,-1.52367948409011,-0.388238940782694,0.284863012246431
28R,1.42339392793706,-1.55592252287512,-0.377832382670841,1.09077607862934,0.977812176820235,-0.55132941943503,-0.584804250645328,0.483089432890585,1.08559956063321,1.26295875691349,-0.418640427011067,0.920962505055968,-0.680577411764584,-0.0251267877065861,-1.18443905220836,-0.649155624257958,0.0035584338289587,0.207049849345499,1.6959505194056,1.84928341574957
295R,1.04510128040256,-1.12210188020884,-1.07362279275775,-0.0706437964496568,0.361268426572471,1.23608270749673,-0.271676384120747,-0.211655873259383,0.454089377170961,1.41918100734595,-0.466460549988467,-0.412178349801607,-2.88619570409739,-0.468600604384797,-0.289174521420556,-0.523138015112385,-0.103332322066282,0.50142131817976,-0.424622314328076,-1.8876171067824
2R,-2.41211883289695,-1.62961046678472,-1.17716890562221,0.500873556211032,-0.144697311547698,-2.04044395400715,-0.354164814725878,0.801513259279426,-0.0956606085143787,-0.0990440077142445,-0.918774016389396,0.00397958572740441,0.0579346428586146,-0.901737447554598,1.68952131165355,3.0684788487523,-1.29844123651893,0.92870849671318,2.51672392865129,2.43188553041363
300R,2.87013331651744,0.0839488555278898,0.49346322149717,0.296429781850518,-0.921111363193061,0.74115484761396,1.49783421187139,-0.518217851553156,1.79538597908833,-0.112334557486761,-1.06630804662851,0.0511047336132413,1.73635873854643,-1.04595487360007,0.457934605051364,0.165845665411152,-0.971493431712916,-0.430293770005677,0.390675887603968,-1.31204751896272
302R,-0.317925798993835,0.426862243418332,-1.61403650125199,-0.555729059463344,-0.807669047058079,-0.152594349090064,-1.00645096274774,0.418391592010029,1.66464752776753,-0.748015495233216,0.276175552828331,-0.43632069241887,1.42459077757858,1.05035730167329,0.298123397855367,-0.223313126055001,0.841130083938072,1.37623095195078,-1.67503629403595,0.207886756046025
305R,-0.512236443852756,-0.924969028734053,1.33697843061548,0.467868009730744,0.76437049602121,-1.69545031014922,2.09644402462059,0.455464138683595,0.707397552060475,-0.451751392460058,0.227360830634255,-1.83408618350599,-1.08714717598807,0.667243910357484,-1.22565307838276,0.154222069016792,-0.301578623286695,-0.677801147749819,-0.901272624178796,0.471173811794072
309R,-0.139312342990098,-0.526015476193316,-2.68039254601224,-0.0552442486806699,0.596826469546588,-0.723941319564655,-1.08512788586265,-0.036211030862783,-1.37910937706113,0.207232197686848,1.91819844981463,1.25543442822187,0.285127787348907,-0.514664549602632,0.455933038780243,0.986809457185428,-2.22572932509289,0.511302316059763,1.08447193335389,1.44292509729781
30R,-0.914841445080982,0.388051110579134,0.665228966307764,1.47547843062619,0.477972431800187,-0.0800404794340563,-0.928710464219071,-0.368249219174186,-0.737140078934087,0.0587641205559113,1.68854330374938,-0.345594232315526,-0.185314570016551,1.03621453606434,-0.889258994483532,0.680580477084549,0.302422373435717,-0.132463657899629,0.337466788748329,1.13229722481769
310R,0.388080866976115,-1.5957691089677,1.23248133062319,-1.61185898581038,1.02924269003304,0.825037028350252,1.81777754372302,0.809962845828375,0.400630439485713,-0.281864540826758,1.53551980768433,1.06382273057207,0.13365014836195,-0.749256066814404,-0.160089748156493,0.987176825531929,1.21438830892418,0.0110416122549417,0.542763109326076,0.113371542023924
313R,-0.560142721522064,-0.199288889564334,-0.582090234421122,-1.36833703052474,-1.26173921096966,-0.509233245547921,-2.28177523802461,0.481922293630322,0.404791568598269,0.432170175706971,-0.997510000706167,1.58179139672658,1.27009809775313,1.37621373076252,1.31563612295433,0.6401780811168,2.02965122161656,-1.6026739985683,-0.255551863473709,-0.156348129365936
318R,-3.79968572840632,-0.558122796731668,-0.13857131287482,0.342411741427483,0.889344681079374,0.792564705192495,-0.176265031602645,-0.202531425413081,0.436798172734994,1.15255604736115,-0.522749910576493,0.00967038164667592,-0.0995290230990499,-0.87855678704679,0.239678596120386,0.171100846283671,-0.441309857771525,1.52113907758891,-1.1053110759294,0.944987780272059
319R,-0.0951815137392232,-0.602230729419826,2.07002328371586,-0.0757343977372411,-0.424140812592925,-0.344475083129642,-1.14758138723999,-0.314317696831165,0.363497147224803,-0.709300191262665,-0.551043308418151,-1.11654640162675,-0.118513198992799,-0.0283650811554609,-0.727591270760559,-0.976759171010299,-0.208311549444633,0.371279491604133,-1.57138843520879,0.369560699806458
31R,-0.232544380599671,-0.572249297546579,-0.534697044437783,-0.883267433521862,-1.07498338731167,2.37450779359233,0.432093674897655,-0.244911238062254,2.17984194098128,-0.0135373334730024,0.744098295325133,-1.59131703564026,0.352521141361516,0.641976206956973,0.0213092672908735,-0.136811760995432,0.956364304020969,-0.440806652795448,-0.115942584072362,-0.358821755768029
327R,-1.57714488536182,0.052236778195563,0.273004358235229,-1.2475617129729,0.195466757387173,1.24548302829407,-0.0587980917236578,-0.0849594447982486,-0.0778587982742794,-0.857613253091466,-1.00095168244083,1.00713916011829,-0.847030888559567,0.217907219139267,0.779049820007815,-1.4643090089601,1.97207465097651,-0.938197499272301,-0.106246793809639,0.0113895593858263
328R,1.49615899691534,-0.899059804244825,0.757885180827994,-0.85510590311561,2.75154563025337,-0.687999114842646,-0.701170525026738,-0.539329234810733,-0.388782076244437,-0.591117465606686,0.493534025502262,1.04788566159518,-0.615351611874265,-0.865121997175466,-0.206803680395631,0.996477896320095,-0.358516867873434,-0.395336730197408,1.80775394637002,1.42215572653863
329R,-0.853506756794672,1.31863184658077,0.257447816305473,0.533484971200226,-0.0238742558552475,-0.590556724980924,0.62743312150783,0.473391437693088,-0.255376384154654,0.518878886768188,-1.29974181439389,-1.40251058774521,-0.402967103923796,0.295066618582657,0.176307755138673,-0.195288657403773,-1.72987236510961,0.807259668712292,-0.172491617837876,0.479825197215788
330R,0.481696360711361,0.828080767641301,0.290435299949229,1.13408092964618,-0.514922580663302,0.876362819346909,-0.971433704166327,0.186227271470261,-0.0762328326675984,0.944039370205107,-0.71222800014134,-1.37278127055109,0.0567334009457717,-0.406373386279452,0.0315060453225514,0.580839105644599,0.955425514177466,0.874677979514491,-0.0054811477108705,-1.49040991358169
334R,-1.45219057388923,-0.647914643074214,1.43912485101872,0.352470729064047,-1.15089454313724,0.3122471311046,0.536194747497209,1.19282901349103,0.472178369539522,0.28166729102863,-0.413954163368038,-0.829744068453731,0.914965782677382,0.388502327758541,-1.05891355219942,-0.314245339470948,-2.83911594003615,0.574958452805793,1.23697201348541,1.43002508756261
337R,-0.128715637982636,0.176389474704228,-0.357507549468268,-0.836979172035926,-3.29606049368913,-1.28748324051817,0.961978067999367,-0.844508460803238,0.645486015019612,0.0847066248191041,-0.500152802398124,1.26630753543382,1.10617458686568,0.499203160194219,0.836905019813258,0.124570222288342,1.64355868288654,0.714700868893748,-0.497585466334243,-0.212125107559399
339R,0.339224068841463,-1.76930591418137,-0.682993722188277,3.01671911507149,-0.942244183866371,-1.07029979154985,-0.910979785304529,-0.146891243940026,0.763258032628868,-0.425168126076907,-0.262541831423716,-0.483300756175818,-1.1443417941213,-0.867769559685445,0.0224492391939935,-0.529628111952655,-0.83193336179173,-0.960323405605859,-0.807705922079743,0.138656898334782
340R,-2.51957471134381,-0.0195587880127239,0.785178394217892,-1.79602443513553,0.489320296949635,0.909376113447112,1.81879999331918,0.939979246978559,0.86881013415673,0.515520974917326,1.41862563830318,-0.972012070259171,0.714006688710229,0.727908190229968,0.410404020452602,0.656896302305277,-0.149321281835704,0.93872060049516,0.116810057806519,-0.326730942051486
344R,1.15804281307688,-0.722048972263685,-0.291389048162378,-0.436918715986237,2.73402127308817,-0.245329616387802,0.577458684999222,-1.04540534542818,0.580116939429446,-1.46259247838395,0.770634480521633,0.424672814334567,0.435820231167451,-0.510154693935616,-0.0624816253210615,-1.03159935315612,-0.467227904152196,-0.738747744376906,-0.428913306394222,-0.207273298781516
348R,1.60928041028046,1.00998936203356,-1.61128305248247,1.94272509429683,0.893059330666307,0.57237736787502,-1.55631944574178,0.362228601784846,-1.33893309819567,1.991038431107,1.096116905863,0.224097392842816,-0.875076878568714,-0.76379806518919,-0.159973090967393,0.0802162953572865,-0.0669949111145422,0.815831833200165,-0.127598602571713,0.192822541504267
350R,-1.33551956214962,-1.45720904059955,-0.177385400551907,1.26072754298246,-0.438772714919858,0.559732845550566,0.166649485695954,0.352758263439431,0.742777817559125,0.597820079242347,-0.0277613802000878,0.316690875129494,-1.33860720044482,-0.195852949634473,-1.63956412059922,0.0080121610204132,-0.781819833397742,-1.82644084932529,1.2057718195411,-0.558583796398569
352R,-0.942576438766552,-0.534705181306915,1.90596017898303,1.49584338293541,0.0369481965167505,0.332871280198219,1.59284941613922,0.16172600422061,0.216147502218444,-0.0955604286290132,0.789409716624882,0.0257295268823508,0.606528519618934,0.782188487587388,1.16256265793196,1.60580005534379,1.11998616069768,0.0785007765355055,-1.12228147682768,-0.46808009904369
353R,2.63165964617536,0.205522301705914,-1.7814899675504,0.78648285761691,0.244786689861285,0.492974378535195,0.854483045424079,1.91840861040932,0.556144452009274,-0.977697530554865,-0.820643443275562,0.961267278442099,0.0101766111992639,-0.0673823971554775,1.47121461087605,0.574624147840652,-0.865084676540764,-0.963015300855998,-0.85568842698228,-1.34411819237359
354R,0.216550330967108,-1.64594450141883,2.02288683515571,-0.67085853275525,1.12014619533229,1.27433450748006,0.598696497844196,-0.0602505650415514,1.25464540573183,1.45202106236551,-0.00625929044423959,0.557205182924534,0.338654181427662,-0.27981859290892,1.42311524183912,2.8493704140087,-0.110927403222883,-1.10047664025222,1.88880337126821,1.45800907567062
35R,0.0593060825720022,0.963026821041156,0.134841489962174,-0.850932338311523,0.310723286304575,-0.524676327493507,-0.69152205194474,-0.287495480498234,0.732879238797189,1.32447834315898,0.850940831429246,0.0391562966516191,0.651192711454054,-0.318028649082157,-0.968871440589906,1.80728407317389,-0.301066575491915,-0.918817711829233,0.100485915722094,-0.367236557069988
362R,-0.393099634476513,-0.669984098007569,0.158553708334457,-0.989291098491944,-0.349252662139933,-0.910326731464263,0.311435850934708,0.942255045133907,-0.600473483127071,0.477020363221286,0.816280188865927,0.169112869614025,0.0620421227142123,0.319249935877112,-0.30060834140947,-2.035121368099,-0.727733824956636,0.0396560445509336,2.04096875971233,0.611081067737541
367R,-0.841342795534231,1.75794337188866,-0.77750736404941,0.280855138226955,0.275929383408839,-1.22350459899441,-0.250548092895802,0.144422841184091,-0.330692530007003,-0.058869315029648,-0.248740003694995,-0.593560300625954,-0.103691553616702,-2.31993033983046,-0.756087739888024,1.01458455653223,-0.0774829445407097,0.0640947588880638,-0.406001796452946,-0.975380725457185
368R,0.514640815969885,0.942416854405956,0.123054840025663,0.400458440612553,-0.306313056551255,0.500213444050309,1.74610405915009,0.263599441837052,-0.734947553682372,0.153826067945383,0.508494778469286,-0.417792082811027,-0.948641368427736,0.286589605544588,-0.311355274374127,1.52377341257466,1.16775947710297,7.88932080247841e-06,-1.07062567310288,0.967802520119291
373R,1.56305560106394,0.142854983316872,1.07767133494907,0.0464765769605528,-0.593698306692492,0.785907897481988,-0.459808163681513,1.10943030688088,-0.758217386948107,-0.809045965999989,-0.0313778997089441,-0.260163829512734,-1.52151540211064,-1.20860074738758,0.751738617243735,2.71077453849988,0.0701912464697563,0.949797435818181,-0.668134095165077,0.0615906956210194
379R,-0.318039139399061,-1.58830299205151,0.908356877110685,0.160690687843262,-0.274586824062444,-0.893328685108062,-0.371408997019201,0.136210477722298,-0.784402642606875,0.0894084933778044,0.34652984905434,-0.277162455642861,0.295431805023738,-1.9219444212937,1.20595764786396,-2.43917226472546,0.534079717269819,-0.0517233546466363,-0.974198177980666,2.00962931026313
37R,-0.495146924160116,2.3482150549904,-0.552183958411175,1.60862556220957,1.12507660266669,0.232963401129973,0.0237817275741574,0.0220078823844428,0.130417677212001,-0.189375599073542,-1.20899353419423,1.4332579675642,-0.71633913940684,0.951094703315189,-0.950037641747183,-1.36904840853759,0.244448919805665,1.59962632068844,-0.535816203319708,-2.32230405385359
380R,0.604728006894346,0.933046433094326,0.402547740832738,-0.804435169587307,-0.866610648871805,0.408336141788711,-0.916726345634096,0.371724625319904,-0.0156301862711656,1.9673135917151,-1.22930069266641,0.994150833562618,-0.0427220098106021,-0.323719576152948,0.931817625244356,-0.49210916463659,-0.746434086473603,-0.292719070099436,-0.253737396943331,0.490576904098511
382R,0.72153734903633,0.273261955680032,-0.0786460974060114,0.578861674968341,0.315465395669227,0.714845743836052,-1.01724961262873,1.01077480313521,0.281464156676795,1.29348064579849,0.00158558877935011,1.12004400168945,0.544697158810318,0.894352518022034,-0.28642390124685,1.23439619266862,1.40509006695837,0.107568348212494,0.979505800006835,-0.211996059200204
383R,1.20785288598411,-0.740902625656697,1.06903472924528,-1.35083770994696,-1.84958488556193,-0.226642300790178,1.90112030549057,-0.180746583028834,1.86217529228397,-0.707018624753275,1.50232445381078,-1.41935022597154,0.241736098741204,0.766750528893127,-0.190249548374805,-1.54133155570925,0.750850401018225,-0.846162284197266,0.561224943388503,-0.733398115101076
384R,-0.596029727917372,-0.135959747260132,0.958776282084591,-0.989878587015936,-1.3547922752162,0.14500948481544,0.587027220772809,0.150667200481366,-0.277681334780745,1.36035200323529,0.396536985706448,-0.730917568085905,0.752996397119062,1.13128713959953,0.0329112120794045,-0.236413725280444,0.340915019207556,-0.562183152772591,1.64578867677607,0.452587464312726
388R,-0.752644175535065,0.0504919213064092,-1.22602405274356,0.432822855801039,-0.541318991642608,0.149326846258414,-2.61470282486109,1.59295649837149,0.76353742620964,-1.75072362423272,-1.13331142842647,0.119221810316725,-0.219250755005305,-1.1329716201947,0.066288755447549,-0.148359571674359,-0.00160057662392268,-0.550853885355769,-2.99770997017141,-1.49895997712061
389R,0.101132837345715,-0.230326940325161,0.192339416937972,-0.412990572483106,0.981412744975094,-0.962156421465588,0.0144401212820579,-0.968633600895279,-2.22521730622967,-0.661989099251137,-0.18987886918793,-1.77047924997094,-0.545842016437902,0.875012910123827,-1.23341869787576,-0.654557137136681,-1.5284504936717,-0.600034375666772,0.126811829624229,-0.605798310088376
390R,1.19787139828102,1.9358693010692,-0.435101955895418,-1.57042264099643,-0.580197673433107,-0.667319850198095,-0.922103871818423,-0.111867886435887,3.09776539967479,1.25404389822775,0.828357224642873,-1.36779716517431,0.769023766076042,-0.197647017005234,-0.263897734068253,0.65169342276634,0.0279710687170859,-0.662693892746099,-1.88667220923806,-1.41041416499371
391R,0.749460115563636,0.875623390211138,0.100193513337117,-0.993918548258408,-1.10475560780818,-0.0180835744634135,0.438136361224955,-0.757442839295687,-1.15699412616441,0.630934213546911,1.34385036556469,1.85606557587993,-0.386233624272866,0.683161630104216,-0.914661579582927,0.822172683429908,-0.340242146241695,-1.64695095478026,0.83563605872141,-0.959304424093767
393R,-1.65805767786379,-0.628946595244036,-1.0013208617873,-0.159192231098622,-0.925192846697249,0.848966388750832,-0.969438799552808,-0.806392337871453,0.265048666219849,0.419300612393482,-0.448786710041078,-0.821178014706826,0.20050986295389,-0.606400698108666,1.05695382821799,0.395644793873059,0.0703879858629947,0.380782876037824,0.422831366586524,-0.0144355467179175
394R,-0.426139765948531,-1.79140429882691,1.28341053893909,-2.04143536458375,1.06224927578219,1.74148340075753,0.281954358200657,-0.307908447632415,0.517974268581218,2.12610959027579,-0.565528773385604,0.564865249910782,-0.685941042464389,0.948821455035235,0.702855678045031,0.405331177379468,-0.571727508368626,0.634861680008835,0.63945968714313,0.40533695130024
401R,-1.29163831992191,1.00410786849062,1.2962451763305,0.775003806005075,0.568267293012317,-0.14242306303501,-0.645009307857762,0.293210976263472,0.605888160535867,0.523057623385664,0.401593521183798,0.113747090145753,1.00586727943239,0.394376810169475,-1.10055078181469,0.0967749289448529,1.25961892151344,-1.03080268807119,1.66547855588865,1.08139668603621
402R,1.04341831607032,-0.688720921051702,-0.0439164723075325,-1.31723142332046,-1.44530342589657,0.459842876048057,-0.0914513427399403,0.888064970896417,-0.574257804942336,2.19008148503815,-0.563871842305765,-0.231993494591693,0.608908504265058,-0.752829669942054,-0.983379852180691,0.684398986004735,0.562899103328332,-0.277928038234864,-1.87121152481871,-0.937518828013285
40R,-0.00911610106620686,-1.26009462029012,1.8421801518757,-0.482843021036977,-0.690106954474949,-1.52757913178577,-0.685914170106361,-1.37173809506784,0.703859711517263,-0.719261422820532,-0.481418151809796,0.628310718488712,0.66383340752143,1.48297397373793,-1.42873779129536,0.206580132809186,-1.27224801406571,0.820148039498654,0.753304153890933,-0.271369603492817
410R,-0.582485659759231,2.92984591706889,-0.295750362952602,0.0920875669378312,-0.095428919727099,-1.25474892199653,0.718825431298321,1.56219009993024,1.27780471214132,1.0242993429822,1.76291602049465,-1.69171061680115,0.0284147595954707,0.108300013750437,-0.343324117253469,0.347384180737267,0.291514952430905,0.717792031428919,0.34368080541676,-0.945125506318143
412R,1.33438609303447,-1.04309864616432,0.777443159264964,0.65012471097698,0.200180634636753,0.779692091372833,0.980354485897097,0.93804679014429,-0.110405086147325,0.240030893585269,0.0698730254793027,0.487718880616663,0.215837994390393,-1.27680993111543,0.43300300833055,0.909908387353421,0.180923438452485,-0.0390044464365336,0.172825495638139,2.31688587074228
413R,1.50011203762232,0.0171307193482074,-2.57078261202933,0.778505211259528,1.36185924674507,-1.34998559193481,-0.217355484418948,-0.144052321871343,0.379075311855553,0.80993169565412,0.0385655740576137,0.362068772234164,1.07010105400486,-0.797669153546504,-0.384071962981296,0.425003027365228,-1.25487392264257,-0.0480170388338694,-0.589029119672978,1.00483753653394
419R,-0.663410084750619,-1.1364001543861,-0.51025431653507,0.504417242607001,-0.0314453756161161,1.63729678730126,-0.588980356433265,-0.99621778476494,0.510108007779091,-0.473970088978332,-1.42969438444878,1.07520234833869,1.40554603893552,-0.22115265073501,-0.079019306462643,0.461105031526988,1.55303726147198,0.828214718769368,-0.230269617564977,-0.610128411046361
41R,-2.22705274983339,1.67085718305072,1.61853721917031,1.1871418731572,-0.470110287615848,0.661956458383617,-1.7338715013256,0.942665469065205,-0.470462037315067,-0.660642902915787,-0.790208484752264,-0.358925221350789,0.621659091479859,0.454987005053998,0.805500385194242,0.364782512407969,1.39965764919801,1.45117263153066,-0.468186034805188,0.93489047612298
423R,-0.0916936507780337,0.048432888645106,0.73394248957353,1.55691724453326,-0.870886799016903,1.07186677935256,1.09000235799427,0.926743760470852,-1.67196537989714,0.911465022749522,1.0784443125894,-0.0902987272635757,-0.544198824317049,-0.531583554853847,2.03503355609151,0.946811065818015,-0.225129393245708,0.82756054959253,0.560621161478413,-1.03913175945039
424R,-1.65793617771303,0.911311213679208,0.871146354883801,-0.0584548302902291,-0.114204258435102,-0.561186226910756,-1.08176202854933,-0.200639149610716,-1.52322276700217,-1.18420630595283,-0.637947400629466,-0.705065401484277,0.889892783295585,0.308722402317231,-0.862975804528975,0.800592650216939,-0.942738242203629,0.953392313621404,-0.299243998434624,0.825880712871478
426R,0.706358346399591,1.95897248934102,-0.723141047462069,1.3777046912057,-0.517340556419993,-0.598118766051938,0.276778257097278,-0.290896029451822,1.36886076437989,0.643430541356984,1.32994853350393,-0.351083910889907,-0.667784187692198,-0.608073882592488,0.205096347219695,-0.512675035819161,0.25268344409432,-0.97039603107837,0.228010964620022,0.00947911669817781
430R,-0.788550751190338,-0.0310060845644629,-0.128522491222347,0.581556544164696,-0.967146123525164,0.851633301541966,-0.267610758636462,0.704009466742753,0.789537249648574,0.145737440185723,1.09440990479614,0.974206874637834,-1.58888391559034,-0.783755137348477,-0.801481424594981,-3.27920911268168,1.21319718904675,-0.218611550469344,1.08763971663244,0.841734540123754
432R,0.13758469810223,-0.777901694821377,-0.75782355154786,-3.06752632674756,0.239912615217519,0.313822081742204,-0.587091805300818,-0.624778271368266,-0.305480563605809,-1.21438563696394,-1.26270106795691,-0.637332136484801,0.10503354643023,0.215994679835805,-0.0274987378096448,0.454635302618455,-1.15189772532169,-0.345353635650716,-1.47044082758403,-1.75912160545805
442R,-1.30209110003338,0.653437842523413,-0.0622311819388772,1.1157422688441,1.00738657084371,-0.0206021242754819,1.14715748441745,-2.00549025901281,-0.159399391714283,-1.35385995163357,-0.0957790647683344,0.243650941340835,0.115909302656057,-1.51568203470071,1.02493080072025,2.15045816554982,-0.969294956031664,-0.583591004405612,-0.66381287199756,-0.86170483340334
447R,0.974200429697608,-1.13076781180283,0.297301580109512,-0.297908168309426,-0.977053869368256,-0.146946251529875,1.34631785925787,0.240011739576134,0.198811207933762,-1.53353246251621,0.91765835927,0.340034875286948,-0.172125551320066,1.1976337200258,-1.78205545282914,-0.400503599334268,-0.616851278010427,0.62910210896843,-0.230106969881627,1.00222101167865
44R,0.1338335584943,0.3591979327338,0.431479028266321,0.196048596633461,-1.45917005553197,-0.980925160557744,1.81232274016846,-0.218782669044643,0.485550795469478,-2.42779195602422,-0.797130151210141,0.681418596074244,-2.52268772732214,-0.148687979235304,-1.83876818401577,-0.697023233846516,-1.98513459572905,-2.47234419830102,0.020175538647271,0.873019958905422
454R,1.1264883854159,1.70107632958179,-0.0433105463426295,0.383792106675972,1.11867262512269,-0.416194905917846,-1.16892017623569,0.085304762043915,-0.930877723408623,0.889499793439078,-0.499088952962129,1.88060225590963,-0.540356522784101,0.497785291613185,-1.33586946543566,0.240240451705167,0.883852256341181,-0.444185191175418,-0.432555998987252,1.14892718127234
455R,0.447430754389266,-0.815520394704729,0.064107296426234,-1.49821180792508,2.23965380305216,-0.802153393152284,-1.85233915676803,0.460958766018411,0.217103465864708,-0.405026274785642,0.654918116061973,1.52704981411344,0.50926189442503,1.49578776350918,0.955041549890304,-1.26995930387625,0.552026101343046,0.126892136556216,-1.1198745381385,1.18797192489588
457R,-0.860630898214268,-0.61163864660111,-0.894528764113606,0.818468783133351,0.409131423648141,-0.664354059441437,0.951028643043447,-2.15865401665238,-0.174377230160587,-0.465693416496269,-1.01157762184554,1.09578965301544,0.650908479869665,0.400260009705176,-0.162952791688347,-0.197776896906547,-1.37635129073198,-0.7678365900659,0.541290731014169,0.0930952386765821
461R,-0.493441496555526,0.226999733493319,-1.88452671711944,1.23452067011888,-1.15771736579265,1.15511422207149,0.65689478350094,-1.55639696508772,-0.0573395141297818,1.23016991713493,0.870261300897795,-0.225545554031244,-1.64843409405613,-0.341673134987152,-0.14703105740168,-0.72644371497703,-1.07273272563748,0.725148964110871,-0.511585943733684,0.277254616439025
462R,0.579252769223067,-0.870079920270865,-1.26700520727776,0.269836555200567,-0.933317369898711,0.000123135839664858,2.09807912550774,0.304347162021773,-0.132705218856296,0.776575398704958,-0.00505816507323587,-3.07787191167005,0.961334240901516,-1.30947386447647,1.06667437470326,0.0892447095241581,2.8077394230332,-0.488620885556436,0.218312677070877,-0.799174306425906
463R,-0.209320887654915,-2.63132927648078,-2.30139717853414,-0.0828155605822153,-2.20266333952596,-1.12079781590607,0.260399237281286,-0.326621374483906,0.208873695290562,0.88153150307689,1.06668585039016,0.225530115908575,0.374037591222478,-0.426016892651477,0.566759417812981,0.516425467286703,-0.82851891925313,2.51181590634106,0.173456500246024,-2.31082141212432
466R,-0.0253271529507993,1.29480559563663,1.25338749125659,-0.35247690665244,-2.81832524466981,-0.419320374700695,0.459192654961303,-0.887582217552336,0.990219802626936,-0.268578669856762,0.252697641757551,1.530798072127,-0.395760013777882,0.0873135136879676,0.605318394557546,0.286338887246269,1.45995472870298,0.603415289484803,-1.36373345394988,-0.481918708216454
467R,0.890167019040766,-0.806429907920976,-0.838016788039526,1.21337402230103,-1.16528472773736,-0.00889496984126339,1.36329599435173,0.796897520174957,0.793470703553707,-1.26767963144499,0.148116394829431,0.591707443026544,-1.63568290366274,-0.807066006477907,-0.111754962832209,1.67597738434998,-0.770932600577351,-1.87076683962993,-0.324241717875514,0.637250675924363
469R,-0.590044620832029,0.224557962961234,-0.258818204801548,1.07262717804083,0.447418576086921,1.6038400912173,1.20442005038185,0.745177221491499,-0.495784726612499,-0.388531358840728,-0.167836473744169,-0.565680814148766,0.820987140458777,0.879434488136299,-2.27853607136487,0.691202097081005,0.627558835112195,0.239065847626705,1.29678028163046,-1.35638109157573
479R,-0.619868940411825,0.502379699527979,-1.42769282905669,1.02851735345119,0.558406850018303,0.243678098738491,-1.17910233817757,-1.90351107043661,0.587989656008899,-1.92691188122196,-1.09481469634311,-1.47713135887394,-1.35091897268371,-0.106771624076097,-0.639565766515662,-0.015764350933372,-1.09646880951591,-0.529470153466245,0.663333932393769,-0.656769018869108
48R,0.0951141984754083,0.493805638588477,0.402060669674575,0.641091067981556,-1.63012629109687,-1.52554674608207,-0.216352447289563,1.41671090675034,1.19372562342064,0.914386570716763,-1.07691469639254,0.580518390071874,0.400788728669167,-1.00167916913247,-0.022027023176577,0.639011043502114,-0.677339615872616,-1.47135200195951,0.110235277920614,1.36830690002743
494R,0.120687415094564,-0.901003228748561,-1.69242743428818,-0.602991103958675,-0.496929860245099,0.514313186136317,-1.84672779237167,0.145487173699379,0.733287812170174,0.0682110255989451,-0.611653392204146,-0.389731934002877,1.59416095930938,-1.50776521319466,-1.32691108230828,-0.270535563636993,-0.32438989789519,0.384357971275422,0.933158724050555,0.525898809636619
497R,-0.91839291048749,0.830369181727236,0.819973613765254,1.6513425924481,0.381183071765707,0.362291631732356,-0.849044453952843,0.452346987344894,-1.09314572417572,1.5726502708068,1.50858931456909,-1.21098138720344,0.505037729929793,1.96438383878894,-0.495583233983248,1.45212282683269,-0.892213735170031,-0.157659790900835,-0.0169938798026649,0.515874313240519
4R,1.6305212595559,2.15189781569087,-0.663674957921253,1.33914927199239,-0.253321584368846,0.0581813031447657,0.7023588194223,-1.74099454410816,-1.07238014500027,0.246840454507245,0.0124637525816635,1.19914712049953,1.36573864396297,-0.757286682082112,0.754747432245015,-0.00551271038904016,-0.313068745358599,-0.384993850376652,-0.486901871666853,0.833535780904096
503R,-0.246424348589547,0.167060304576001,0.139296961092937,-1.23640063035429,-0.0959962515684202,0.707904499356732,0.804797962619026,-0.210277152272203,1.32162776743402,-0.977587581002197,-1.28538200601977,-0.794719081890941,-1.11736862486571,-0.914281879892432,1.32375244239523,0.902567007439474,0.812894354411422,0.799501154314811,0.327152608359611,-0.0125691654730728
504R,-0.121372833914482,-0.225039295195318,-0.831697531874248,-0.00174687410365724,0.503736729772924,0.865726367148204,-0.427606009429563,-0.320059812603563,-0.345467488362324,1.00565537179465,1.55699620495489,0.30375628695517,-1.18008569543445,1.64688459628803,0.810510275146728,-2.36513436190648,0.870357578788163,0.299632061682874,0.0253219199821689,0.247329812672023
50R,-1.89270592696561,0.492684283456333,-0.512679949897765,-1.25357823995916,-0.457673395691326,-1.30570454003245,-0.945687950303625,1.6405854724877,0.676688806628643,0.236557751467785,-0.119704430404728,0.407442919556055,-0.504308849548557,0.702509767152772,0.162014699433448,0.585978073256648,-0.307945187101074,0.484464348307681,-0.482177066153182,0.705285253585842
513R,0.696299498783349,0.376330784472681,-0.945270294553611,0.135433805940141,-0.332545013139818,-0.137280391671806,0.627001286649252,0.89184088723661,0.0890046597680109,0.644325182490761,-1.34070941051095,1.02815007987214,1.11713601809324,0.0247458671809927,0.068622626147598,0.661996710745216,1.10049428790556,1.24574853659947,-0.302665600873203,0.795710649355472
518R,0.30562286883906,0.45595290044584,0.981101347917592,0.979131000502871,-0.560273349101162,0.152182867860587,-0.246114928558282,0.834430794694955,0.899922704594155,0.955316291500887,0.134184180001312,0.309273027558794,-0.569291366971648,-0.564609645880797,-2.05443180975628,0.168502972278934,0.446261484828188,-0.773723630187197,0.0828282543131698,0.339801264513414
519R,1.38419795143523,1.85385124608451,-0.702627201832021,-0.1337486744102,-1.0893235649237,0.733614679595209,-1.93720129357877,1.80735166704517,0.426090754915867,-1.56973164150897,-0.787206745433148,-0.993904975242088,-1.04884307118101,1.36095179357822,-0.39325771518631,-0.353841791977969,0.31977233431269,-0.490557970830562,2.16706386641787,-0.386479983826426
52R,0.498509743628399,-0.645025724706296,1.75137050571225,-0.893255441052274,-0.752065159183021,-0.817954167516376,2.16281165088015,-1.84183180177619,0.336431523499998,-0.155850889150665,1.52940694611119,-1.24633647185298,-0.14087365856238,-0.70660408448599,0.470015770127748,-1.2872400989791,1.37416631364025,-0.886291341473948,-1.58279856826011,1.95948941603652
531R,1.58154345522482,-0.784702253344903,2.03867788976375,0.550780670073365,-1.17052172009484,0.0115812589517549,0.761371273559428,-1.11608021267869,-1.66474140205581,0.0390282490807794,1.1637523505405,0.490964360687591,-1.51349230795553,1.68889950792577,-0.8401131248088,0.473977725523664,-1.25072241169458,0.0544984296549726,0.568890453421459,-1.47939152648175
538R,0.495733052147353,1.81172176273068,-0.188298994747592,-0.354002521688208,1.75460126676977,-1.14642596439549,-1.08073464667602,-0.124149004499596,0.227341621680105,1.35973473531759,-0.87975848335567,0.36257250528587,1.30056203600647,0.464826177609646,0.917019830770614,0.0955428985427756,0.62224307439534,-1.26567575478871,0.559299527995392,-1.48688733846946
539R,-0.609578003889805,1.04705748762805,1.01280490204337,1.11027488517796,-0.0888247794622973,-0.336917815523724,-1.0885032725217,-1.92045991165045,0.560181226548811,-0.398271197958182,-0.0564529024753461,-1.78350973991096,-1.15689142880125,0.443834909824347,-1.14848382966719,-0.111101670828807,0.839862969234216,0.953640480326299,-0.227259422675783,0.0275612440587019
54R,0.953070660914313,-0.852935143816275,0.670711198888301,-0.773135350330319,0.395720227491007,0.24732936966628,-0.176769695796457,0.0191134988033641,-0.261040403010293,0.797113592638041,-0.973393208274453,-0.341593124829274,-0.102422297167556,-0.659079525041697,0.0779940534237922,0.916434847399719,1.82812540446168,0.781315363092718,-1.02929714618686,1.28790066265792
568R,1.4137034876004,-0.212379240589703,-0.516423058604907,-1.49900570253717,-0.0904993049669048,-2.03216616894607,1.18320265230143,-0.152987765828168,-1.42906822926803,0.307879248732146,-0.831736048273969,-0.79714758506441,-0.196920080862696,-2.73943906413896,0.61801419968285,-0.299055189694588,0.51023541729299,-0.719315287667645,-0.924322249993948,-1.66686757055029
56R,1.67945620908708,0.882010519564857,0.693885511020103,-0.496680055058255,-0.180277776927923,-1.02644112080191,0.743166375094052,1.29720765992649,0.919352698939815,-1.1251329585815,0.762385076630891,-0.940325563074505,-0.589714145307353,1.07168594717758,1.21404075383796,-0.66743272277983,0.22342064775441,-0.366148317759068,0.356632623359328,1.09230747161438
573R,0.287429687659344,-2.53651273633356,2.14969380089134,-0.732352694718712,1.14891104081301,-2.38943281645377,0.399578685758543,0.828162643981535,-0.523485101928924,-0.194409153524359,0.148988737704793,0.225264468943344,0.4395252728068,0.553950389977326,0.0494949727710735,0.203726883106135,-1.48771689302041,0.533693270239261,-1.17681056690867,0.216833702358896
574R,0.359440289948419,-0.240598989879522,-1.27247809552956,-1.3162371940939,-1.06810455657229,1.10866087563578,-0.696627678086391,-0.390151397748303,2.16560656455151,1.08766852735938,0.0917892767290897,0.434029156434313,0.7928285657293,-0.523077056244347,-0.515035977512899,0.219549965236697,-1.5590713980122,0.114399854060764,-1.50460516139331,0.580641302376377
578R,-0.504290570092038,-0.831319602729572,-0.334160791720186,-0.498159724991492,-0.0238078496577412,-0.179828499755098,-0.723235340453339,-0.166222828664418,-0.547228132689163,0.349187645954147,1.69897523037963,-0.0170267312822738,0.330555940546764,0.370091802834005,0.573892696625555,0.826305069269887,-0.164207923314662,1.46272368086018,0.771786515661075,-0.394765848158763
579R,0.716804497863539,1.13062788405639,0.368233578699503,0.934160173733884,-1.7392068928591,0.856076780812588,0.462185163222026,0.398735588565287,-0.519980564340252,0.493928554185718,1.40125015151535,-1.62763078891108,-1.16160954949368,0.371407407816901,-1.20204965433538,0.661839466644671,1.68521668885206,-2.68493809837524,-0.0813554875724774,-1.41102904599694
59R,1.66641506456142,0.843173379149348,0.107984773256632,-1.60721765517707,1.53263357327424,0.0852366462064867,0.953865762128298,-0.519625135031466,-0.616527798526945,-0.313576697790011,-1.32976226786415,-2.10768432165677,0.496320334099745,-0.150023290335461,0.693667342990944,1.07546365453182,-1.70353718225392,-0.539246510612081,-0.326507698171985,-0.890889246702017
62R,2.09972526200725,0.921781797325214,-0.85156018816426,0.708000064177339,-0.300030051892808,0.79990193773578,0.0486957647806174,0.419494242302717,-0.147020737045031,0.605451158616519,0.887815839857366,1.70839368858077,0.450807793742751,1.95624626693736,0.0788474759967024,-0.328102897126551,1.04292125834921,0.841175236287354,-1.62911290091363,-1.22843859380904
63R,-0.289052415851512,-0.252795577220287,-1.30735614931154,0.821668904564573,-1.76984941057453,0.199355119918095,1.36099645610531,-0.72685279788945,-1.40117326222558,0.00905801783561868,-0.389415900440387,0.219679755062628,-0.0738255848910507,-0.702473657951296,0.388986786174862,1.00334209703743,1.58744964511702,-1.10480584266101,-0.607301633495116,0.430425472675367
79R,0.492026423458052,-0.0317006056448691,-0.666102722323611,-0.219095434131127,-0.0734708519919996,0.765667012031414,-0.29346019408067,-1.1251492385598,0.773994728256171,0.628875048182882,1.79557813609546,-0.333158538179465,0.39699603362376,0.0686941754414898,-1.62268330265934,0.465173698114956,-0.172277691896555,0.472368328776464,0.196658199361248,0.0382328226008371
80R,0.275152153548116,0.372281787244061,-2.73851207002351,0.895429273520807,0.0796773875790063,-0.00554819376600292,-0.0561140876074204,-0.308033481168866,1.27649951386626,-1.92596315797477,-0.262202319600669,-0.253224982958535,-1.76581453536239,1.25624194490172,-1.2540538365012,0.624349687559703,-0.948622174648442,-1.36388664832962,-0.234365143713762,0.286916838653052
81R,-0.454803760447177,-0.685532631760727,-0.301110577384439,0.268885996402138,1.79718599276322,-0.362586379936576,-0.344465043980524,0.610756576449321,-1.05209453021251,0.720872295308474,0.648221697803652,-0.964969611102295,0.969934006255898,-0.728007131379983,-0.276070144974864,1.3242653877592,0.298125604961703,0.570322964056824,0.338323076797474,1.49827847810059
89R,-0.42157176581542,-0.483771270444213,-1.73098774438616,0.668405419575875,-0.0863242501605704,1.13785367421634,-0.723128617794281,2.13559938491211,-2.38546272993527,0.0262990469260412,-0.597357150197001,-0.813224279835778,1.32906975793861,0.299753522773672,-1.7062799285488,-0.95567252715513,-2.32022227073889,0.694702386272903,1.37643831414918,-1.29576177250117
93R,-0.210070890856927,-1.31659643592207,-2.311396171143,-0.719711900410177,0.641869893299879,0.344170271781776,-0.809226437006273,-0.439765296400134,0.717961840330335,-0.109315809594815,-0.580271329267946,-0.0720694110931547,-0.0478447503488571,0.570567817432527,-0.15975142484631,0.423104107126906,-1.28776387338057,0.280207438297794,0.298722550276988,0.295135798510313
96R,0.200026737951764,-0.303762174740925,-1.44243168283242,0.137588020334754,1.04345823602275,-0.473184882228664,0.28238976537542,2.87198069523222,-1.93450064300171,-0.644650097916135,-2.02342050471414,0.581018972982356,1.18999391748277,1.33234824174671,0.209727679228488,0.149597969619534,1.41824339170238,0.494091301307661,-0.498404537252743,1.6773204456553
97R,-0.720230647262983,-0.168502043792494,-1.87486876641023,0.275955473558428,-0.0278529249071618,0.417669007500352,-0.139180051312208,0.473246760627904,0.802750304850635,-1.01589352661177,0.451913275290453,1.24151391663887,0.543525360567966,-0.0798223778542088,1.43852544831865,0.404587757208649,-0.583223449016667,0.05264947313272,0.688551586152256,-0.920634897356219
99R,0.334812975937857,-1.28680732468994,-0.893263335348092,-0.548305643673787,0.808104444583219,-0.0271218962290329,-0.351574295691627,-0.311183706585315,-0.381247231531978,-0.767942766151051,-0.463726750773045,0.778695341077922,-0.180624494180944,-0.512171529071247,-0.425264657414818,2.44510538912151,1.22586647057571,-0.195815636874538,-2.26125809727443,0.666067715278806
9R,-0.843551742606027,-0.88224943063435,-1.10668087427857,-0.319992670231321,-1.26177650670275,-0.56113128947742,1.06923142261003,1.67925149997106,-0.285997105230622,-1.19290679821936,-0.250716935118587,0.0297800707086262,2.11018374703307,0.0618412591154604,-0.312923097409985,1.40457006787008,2.37721425216625,0.0339016380051452,1.15605803994763,-0.702972464699746
